"","X1.SPBN","X2.BSBN","X3.BSBN.Linear","X4.BSBN.FKDE","X5.BSBN.FKDE.Linear"
"X1.SPBN",NA,1,1,0.823612842928274,0.823612842928274
"X2.BSBN",1,NA,1,0.327988138655457,0.327988138655457
"X3.BSBN.Linear",1,1,NA,0.491941926002298,0.491941926002298
"X4.BSBN.FKDE",0.823612842928274,0.327988138655457,0.491941926002298,NA,1
"X5.BSBN.FKDE.Linear",0.823612842928274,0.327988138655457,0.491941926002298,1,NA
