"","B.SPBN.FKDE.Linear","B.SPBN.FKDE.Simple","B.SPBN.Linear","B.SPBN.Simple","SPBN"
"B.SPBN.FKDE.Linear",NA,0.94271965371615,5.69037772901737e-07,2.49651042061316e-07,1.36456459198797e-06
"B.SPBN.FKDE.Simple",0.94271965371615,NA,9.95295274250907e-05,6.87459406014668e-05,0.000182072585248605
"B.SPBN.Linear",5.69037772901737e-07,9.95295274250907e-05,NA,1,1
"B.SPBN.Simple",2.49651042061316e-07,6.87459406014668e-05,1,NA,1
"SPBN",1.36456459198797e-06,0.000182072585248605,1,1,NA
