"","BSBN","BSBN.Linear","SPBN"
"BSBN",NA,0.633898642001131,0.633898642001131
"BSBN.Linear",0.633898642001131,NA,0.633898642001131
"SPBN",0.633898642001131,0.633898642001131,NA
