"","BSBN","BSBN.Linear","SPBN"
"BSBN",NA,0.354510737596005,0.900523550339774
"BSBN.Linear",0.354510737596005,NA,0.354510737596005
"SPBN",0.900523550339774,0.354510737596005,NA
